<ImportExportXml version="9.2.24094.172" SolutionPackageVersion="9.2" languagecode="1046" generatedBy="CrmLive" xmlns:xsi="http://www.w3.org/2001/XMLSchema-instance" OrganizationVersion="9.2.24094.172" OrganizationSchemaType="Standard" CRMServerServiceabilityVersion="9.2.24094.00172">
  <SolutionManifest>
    <UniqueName>SolutionTreinamentoDIO</UniqueName>
    <LocalizedNames>
      <LocalizedName description="Solution Treinamento DIO" languagecode="1046" />
    </LocalizedNames>
    <Descriptions />
    <Version>1.0.0.0</Version>
    <Managed>0</Managed>
    <Publisher>
      <UniqueName>CRM_Treinamentos</UniqueName>
      <LocalizedNames>
        <LocalizedName description="CRM Treinamentos" languagecode="1046" />
      </LocalizedNames>
      <Descriptions />
      <EMailAddress xsi:nil="true"></EMailAddress>
      <SupportingWebsiteUrl xsi:nil="true"></SupportingWebsiteUrl>
      <CustomizationPrefix>crm</CustomizationPrefix>
      <CustomizationOptionValuePrefix>77006</CustomizationOptionValuePrefix>
      <Addresses>
        <Address>
          <AddressNumber>1</AddressNumber>
          <AddressTypeCode>1</AddressTypeCode>
          <City xsi:nil="true"></City>
          <County xsi:nil="true"></County>
          <Country xsi:nil="true"></Country>
          <Fax xsi:nil="true"></Fax>
          <FreightTermsCode xsi:nil="true"></FreightTermsCode>
          <ImportSequenceNumber xsi:nil="true"></ImportSequenceNumber>
          <Latitude xsi:nil="true"></Latitude>
          <Line1 xsi:nil="true"></Line1>
          <Line2 xsi:nil="true"></Line2>
          <Line3 xsi:nil="true"></Line3>
          <Longitude xsi:nil="true"></Longitude>
          <Name xsi:nil="true"></Name>
          <PostalCode xsi:nil="true"></PostalCode>
          <PostOfficeBox xsi:nil="true"></PostOfficeBox>
          <PrimaryContactName xsi:nil="true"></PrimaryContactName>
          <ShippingMethodCode>1</ShippingMethodCode>
          <StateOrProvince xsi:nil="true"></StateOrProvince>
          <Telephone1 xsi:nil="true"></Telephone1>
          <Telephone2 xsi:nil="true"></Telephone2>
          <Telephone3 xsi:nil="true"></Telephone3>
          <TimeZoneRuleVersionNumber xsi:nil="true"></TimeZoneRuleVersionNumber>
          <UPSZone xsi:nil="true"></UPSZone>
          <UTCOffset xsi:nil="true"></UTCOffset>
          <UTCConversionTimeZoneCode xsi:nil="true"></UTCConversionTimeZoneCode>
        </Address>
        <Address>
          <AddressNumber>2</AddressNumber>
          <AddressTypeCode>1</AddressTypeCode>
          <City xsi:nil="true"></City>
          <County xsi:nil="true"></County>
          <Country xsi:nil="true"></Country>
          <Fax xsi:nil="true"></Fax>
          <FreightTermsCode xsi:nil="true"></FreightTermsCode>
          <ImportSequenceNumber xsi:nil="true"></ImportSequenceNumber>
          <Latitude xsi:nil="true"></Latitude>
          <Line1 xsi:nil="true"></Line1>
          <Line2 xsi:nil="true"></Line2>
          <Line3 xsi:nil="true"></Line3>
          <Longitude xsi:nil="true"></Longitude>
          <Name xsi:nil="true"></Name>
          <PostalCode xsi:nil="true"></PostalCode>
          <PostOfficeBox xsi:nil="true"></PostOfficeBox>
          <PrimaryContactName xsi:nil="true"></PrimaryContactName>
          <ShippingMethodCode>1</ShippingMethodCode>
          <StateOrProvince xsi:nil="true"></StateOrProvince>
          <Telephone1 xsi:nil="true"></Telephone1>
          <Telephone2 xsi:nil="true"></Telephone2>
          <Telephone3 xsi:nil="true"></Telephone3>
          <TimeZoneRuleVersionNumber xsi:nil="true"></TimeZoneRuleVersionNumber>
          <UPSZone xsi:nil="true"></UPSZone>
          <UTCOffset xsi:nil="true"></UTCOffset>
          <UTCConversionTimeZoneCode xsi:nil="true"></UTCConversionTimeZoneCode>
        </Address>
      </Addresses>
    </Publisher>
    <RootComponents>
      <RootComponent type="1" schemaName="crm_course" behavior="0" />
      <RootComponent type="1" schemaName="crm_cursosxinstructors" behavior="0" />
      <RootComponent type="1" schemaName="crm_instructor" behavior="0" />
      <RootComponent type="29" id="{60b8c23f-8982-ef11-ac20-002248382de9}" behavior="0" />
      <RootComponent type="62" schemaName="crm_GestaoCursos" behavior="0" />
      <RootComponent type="80" schemaName="crm_GestaoCursos" behavior="0" />
      <RootComponent type="300" schemaName="crm_instrutoreshabilitados_ad327" behavior="0" />
    </RootComponents>
    <MissingDependencies>
      <MissingDependency>
        <Required type="1" schemaName="crm_course" displayName="Course" solution="Active" />
        <Dependent type="1" schemaName="crm_course" displayName="Course" />
      </MissingDependency>
      <MissingDependency>
        <Required type="1" schemaName="crm_course" displayName="Course" solution="Active" />
        <Dependent type="2" schemaName="createdby" displayName="Criada Por" parentSchemaName="crm_course" parentDisplayName="Course" />
      </MissingDependency>
      <MissingDependency>
        <Required type="1" schemaName="crm_course" displayName="Course" solution="Active" />
        <Dependent type="2" schemaName="createdon" displayName="Data de Criação" parentSchemaName="crm_course" parentDisplayName="Course" />
      </MissingDependency>
      <MissingDependency>
        <Required type="1" schemaName="crm_course" displayName="Course" solution="Active" />
        <Dependent type="2" schemaName="createdonbehalfby" displayName="Criado por (Delegado)" parentSchemaName="crm_course" parentDisplayName="Course" />
      </MissingDependency>
      <MissingDependency>
        <Required type="1" schemaName="crm_course" displayName="Course" solution="Active" />
        <Dependent type="2" schemaName="crm_courseid" displayName="Course" parentSchemaName="crm_course" parentDisplayName="Course" />
      </MissingDependency>
      <MissingDependency>
        <Required type="1" schemaName="crm_course" displayName="Course" solution="Active" />
        <Dependent type="2" schemaName="crm_coursename" displayName="Course Name" parentSchemaName="crm_course" parentDisplayName="Course" />
      </MissingDependency>
      <MissingDependency>
        <Required type="1" schemaName="crm_course" displayName="Course" solution="Active" />
        <Dependent type="2" schemaName="crm_relacionamentoinstrutores" displayName="Relacionamento Instrutores" parentSchemaName="crm_course" parentDisplayName="Course" />
      </MissingDependency>
      <MissingDependency>
        <Required type="1" schemaName="crm_course" displayName="Course" solution="Active" />
        <Dependent type="2" schemaName="importsequencenumber" displayName="Número de Sequência de Importação" parentSchemaName="crm_course" parentDisplayName="Course" />
      </MissingDependency>
      <MissingDependency>
        <Required type="1" schemaName="crm_course" displayName="Course" solution="Active" />
        <Dependent type="2" schemaName="modifiedby" displayName="Modificado Por" parentSchemaName="crm_course" parentDisplayName="Course" />
      </MissingDependency>
      <MissingDependency>
        <Required type="1" schemaName="crm_course" displayName="Course" solution="Active" />
        <Dependent type="2" schemaName="modifiedon" displayName="Data de Modificação" parentSchemaName="crm_course" parentDisplayName="Course" />
      </MissingDependency>
      <MissingDependency>
        <Required type="1" schemaName="crm_course" displayName="Course" solution="Active" />
        <Dependent type="2" schemaName="modifiedonbehalfby" displayName="Modificado por (Delegado)" parentSchemaName="crm_course" parentDisplayName="Course" />
      </MissingDependency>
      <MissingDependency>
        <Required type="1" schemaName="crm_course" displayName="Course" solution="Active" />
        <Dependent type="2" schemaName="overriddencreatedon" displayName="Registro Criado em" parentSchemaName="crm_course" parentDisplayName="Course" />
      </MissingDependency>
      <MissingDependency>
        <Required type="1" schemaName="crm_course" displayName="Course" solution="Active" />
        <Dependent type="2" schemaName="ownerid" displayName="Proprietário" parentSchemaName="crm_course" parentDisplayName="Course" />
      </MissingDependency>
      <MissingDependency>
        <Required type="1" schemaName="crm_course" displayName="Course" solution="Active" />
        <Dependent type="2" schemaName="owningbusinessunit" displayName="Unidade de Negócios Proprietária" parentSchemaName="crm_course" parentDisplayName="Course" />
      </MissingDependency>
      <MissingDependency>
        <Required type="1" schemaName="crm_course" displayName="Course" solution="Active" />
        <Dependent type="2" schemaName="owningteam" displayName="Equipe Proprietária" parentSchemaName="crm_course" parentDisplayName="Course" />
      </MissingDependency>
      <MissingDependency>
        <Required type="1" schemaName="crm_course" displayName="Course" solution="Active" />
        <Dependent type="2" schemaName="owninguser" displayName="Usuário Proprietário" parentSchemaName="crm_course" parentDisplayName="Course" />
      </MissingDependency>
      <MissingDependency>
        <Required type="1" schemaName="crm_course" displayName="Course" solution="Active" />
        <Dependent type="2" schemaName="statecode" displayName="Status" parentSchemaName="crm_course" parentDisplayName="Course" />
      </MissingDependency>
      <MissingDependency>
        <Required type="1" schemaName="crm_course" displayName="Course" solution="Active" />
        <Dependent type="2" schemaName="statuscode" displayName="Razão do Status" parentSchemaName="crm_course" parentDisplayName="Course" />
      </MissingDependency>
      <MissingDependency>
        <Required type="1" schemaName="crm_course" displayName="Course" solution="Active" />
        <Dependent type="2" schemaName="timezoneruleversionnumber" displayName="Número de Versão da Regra de Fuso Horário" parentSchemaName="crm_course" parentDisplayName="Course" />
      </MissingDependency>
      <MissingDependency>
        <Required type="1" schemaName="crm_course" displayName="Course" solution="Active" />
        <Dependent type="2" schemaName="utcconversiontimezonecode" displayName="Código de Fuso Horário de Conversão de UTC" parentSchemaName="crm_course" parentDisplayName="Course" />
      </MissingDependency>
      <MissingDependency>
        <Required type="1" schemaName="crm_course" displayName="Course" solution="Active" />
        <Dependent type="2" schemaName="versionnumber" displayName="Número da Versão" parentSchemaName="crm_course" parentDisplayName="Course" />
      </MissingDependency>
      <MissingDependency>
        <Required type="1" schemaName="crm_course" displayName="Course" solution="Active" />
        <Dependent type="26" schemaName="Localização Rápida de Courses Ativo(a)" displayName="Localização Rápida de Courses Ativo(a)" parentSchemaName="crm_course" parentDisplayName="Course" id="{0239d01e-d7d3-4808-b02e-0eb261be226a}" />
      </MissingDependency>
      <MissingDependency>
        <Required type="1" schemaName="crm_course" displayName="Course" solution="Active" />
        <Dependent type="26" schemaName="Exibição de Localização Avançada de Course" displayName="Exibição de Localização Avançada de Course" parentSchemaName="crm_course" parentDisplayName="Course" id="{688bebb1-693c-440d-a167-746a74c61f08}" />
      </MissingDependency>
      <MissingDependency>
        <Required type="1" schemaName="crm_course" displayName="Course" solution="Active" />
        <Dependent type="26" schemaName="Courses Inativos(as)" displayName="Courses Inativos(as)" parentSchemaName="crm_course" parentDisplayName="Course" id="{8e2f7a64-b7c7-4ed0-b685-07f0c41631a7}" />
      </MissingDependency>
      <MissingDependency>
        <Required type="1" schemaName="crm_course" displayName="Course" solution="Active" />
        <Dependent type="26" schemaName="Exibição de Consulta de Course" displayName="Exibição de Consulta de Course" parentSchemaName="crm_course" parentDisplayName="Course" id="{bb523d75-fe7a-46cd-bd93-20cbd336a607}" />
      </MissingDependency>
      <MissingDependency>
        <Required type="1" schemaName="crm_course" displayName="Course" solution="Active" />
        <Dependent type="26" schemaName="Courses Ativos(as)" displayName="Courses Ativos(as)" parentSchemaName="crm_course" parentDisplayName="Course" id="{d130c422-2dd7-42f3-9eb3-0785d66bab34}" />
      </MissingDependency>
      <MissingDependency>
        <Required type="1" schemaName="crm_course" displayName="Course" solution="Active" />
        <Dependent type="26" schemaName="Meu Courses" displayName="Meu Courses" parentSchemaName="crm_course" parentDisplayName="Course" id="{de4150c8-2e81-ef11-ac21-000d3ac120b5}" />
      </MissingDependency>
      <MissingDependency>
        <Required type="1" schemaName="crm_course" displayName="Course" solution="Active" />
        <Dependent type="26" schemaName="Exibição Associada de Course" displayName="Exibição Associada de Course" parentSchemaName="crm_course" parentDisplayName="Course" id="{f81ad6c4-559c-4a67-9d9f-667d0715d78e}" />
      </MissingDependency>
      <MissingDependency>
        <Required type="1" schemaName="crm_course" displayName="Course" solution="Active" />
        <Dependent type="300" schemaName="crm_instrutoreshabilitados_ad327" displayName="Instrutores Habilitados" />
      </MissingDependency>
      <MissingDependency>
        <Required type="1" schemaName="crm_course" displayName="Course" solution="Active" />
        <Dependent type="60" displayName="Informações" parentDisplayName="Course" id="{5d48a994-1a80-4554-8348-5f91486cc091}" />
      </MissingDependency>
      <MissingDependency>
        <Required type="1" schemaName="crm_course" displayName="Course" solution="Active" />
        <Dependent type="60" displayName="Informações" parentDisplayName="Course" id="{6eab1b95-3d5b-4fc0-843c-b11a37b600a4}" />
      </MissingDependency>
      <MissingDependency>
        <Required type="1" schemaName="crm_course" displayName="Course" solution="Active" />
        <Dependent type="60" displayName="Informações" parentDisplayName="Course" id="{94bf83af-90ed-471c-94f3-3caf6302ec50}" />
      </MissingDependency>
      <MissingDependency>
        <Required type="1" schemaName="crm_course" displayName="Course" solution="Active" />
        <Dependent type="62" schemaName="crm_GestaoCursos" />
      </MissingDependency>
      <MissingDependency>
        <Required type="1" schemaName="crm_course" displayName="Course" solution="Active" />
        <Dependent type="68" id="{ae6ef260-01b1-4296-8055-ed8f55c6d543}" />
      </MissingDependency>
      <MissingDependency>
        <Required type="1" schemaName="crm_course" displayName="Course" solution="Active" />
        <Dependent type="80" schemaName="crm_GestaoCursos" displayName="Gestão Cursos" />
      </MissingDependency>
      <MissingDependency>
        <Required type="1" schemaName="crm_cursosxinstructors" displayName="CursosXInstructors" solution="Active" />
        <Dependent type="1" schemaName="crm_cursosxinstructors" displayName="CursosXInstructors" />
      </MissingDependency>
      <MissingDependency>
        <Required type="1" schemaName="crm_cursosxinstructors" displayName="CursosXInstructors" solution="Active" />
        <Dependent type="14" schemaName="crm_cursosinstrutoreskey" displayName="CursosInstrutoresKey" parentSchemaName="crm_cursosxinstructors" />
      </MissingDependency>
      <MissingDependency>
        <Required type="1" schemaName="crm_cursosxinstructors" displayName="CursosXInstructors" solution="Active" />
        <Dependent type="2" schemaName="createdby" displayName="Criada Por" parentSchemaName="crm_cursosxinstructors" parentDisplayName="CursosXInstructors" />
      </MissingDependency>
      <MissingDependency>
        <Required type="1" schemaName="crm_cursosxinstructors" displayName="CursosXInstructors" solution="Active" />
        <Dependent type="2" schemaName="createdon" displayName="Data de Criação" parentSchemaName="crm_cursosxinstructors" parentDisplayName="CursosXInstructors" />
      </MissingDependency>
      <MissingDependency>
        <Required type="1" schemaName="crm_cursosxinstructors" displayName="CursosXInstructors" solution="Active" />
        <Dependent type="2" schemaName="createdonbehalfby" displayName="Criado por (Delegado)" parentSchemaName="crm_cursosxinstructors" parentDisplayName="CursosXInstructors" />
      </MissingDependency>
      <MissingDependency>
        <Required type="1" schemaName="crm_cursosxinstructors" displayName="CursosXInstructors" solution="Active" />
        <Dependent type="2" schemaName="crm_coursename" displayName="Course Name" parentSchemaName="crm_cursosxinstructors" parentDisplayName="CursosXInstructors" />
      </MissingDependency>
      <MissingDependency>
        <Required type="1" schemaName="crm_cursosxinstructors" displayName="CursosXInstructors" solution="Active" />
        <Dependent type="2" schemaName="crm_cursosativos" displayName="CursosAtivos" parentSchemaName="crm_cursosxinstructors" parentDisplayName="CursosXInstructors" />
      </MissingDependency>
      <MissingDependency>
        <Required type="1" schemaName="crm_cursosxinstructors" displayName="CursosXInstructors" solution="Active" />
        <Dependent type="2" schemaName="crm_cursosxinstructorsid" displayName="CursosXInstructors" parentSchemaName="crm_cursosxinstructors" parentDisplayName="CursosXInstructors" />
      </MissingDependency>
      <MissingDependency>
        <Required type="1" schemaName="crm_cursosxinstructors" displayName="CursosXInstructors" solution="Active" />
        <Dependent type="2" schemaName="crm_instructorid" displayName="Instructor ID" parentSchemaName="crm_cursosxinstructors" parentDisplayName="CursosXInstructors" />
      </MissingDependency>
      <MissingDependency>
        <Required type="1" schemaName="crm_cursosxinstructors" displayName="CursosXInstructors" solution="Active" />
        <Dependent type="2" schemaName="crm_instructorname" displayName="Instructor Name" parentSchemaName="crm_cursosxinstructors" parentDisplayName="CursosXInstructors" />
      </MissingDependency>
      <MissingDependency>
        <Required type="1" schemaName="crm_cursosxinstructors" displayName="CursosXInstructors" solution="Active" />
        <Dependent type="2" schemaName="crm_instrutorhabilitado" displayName="Instrutor Habilitado" parentSchemaName="crm_cursosxinstructors" parentDisplayName="CursosXInstructors" />
      </MissingDependency>
      <MissingDependency>
        <Required type="1" schemaName="crm_cursosxinstructors" displayName="CursosXInstructors" solution="Active" />
        <Dependent type="2" schemaName="crm_schedule" displayName="Schedule" parentSchemaName="crm_cursosxinstructors" parentDisplayName="CursosXInstructors" />
      </MissingDependency>
      <MissingDependency>
        <Required type="1" schemaName="crm_cursosxinstructors" displayName="CursosXInstructors" solution="Active" />
        <Dependent type="2" schemaName="importsequencenumber" displayName="Número de Sequência de Importação" parentSchemaName="crm_cursosxinstructors" parentDisplayName="CursosXInstructors" />
      </MissingDependency>
      <MissingDependency>
        <Required type="1" schemaName="crm_cursosxinstructors" displayName="CursosXInstructors" solution="Active" />
        <Dependent type="2" schemaName="modifiedby" displayName="Modificado Por" parentSchemaName="crm_cursosxinstructors" parentDisplayName="CursosXInstructors" />
      </MissingDependency>
      <MissingDependency>
        <Required type="1" schemaName="crm_cursosxinstructors" displayName="CursosXInstructors" solution="Active" />
        <Dependent type="2" schemaName="modifiedon" displayName="Data de Modificação" parentSchemaName="crm_cursosxinstructors" parentDisplayName="CursosXInstructors" />
      </MissingDependency>
      <MissingDependency>
        <Required type="1" schemaName="crm_cursosxinstructors" displayName="CursosXInstructors" solution="Active" />
        <Dependent type="2" schemaName="modifiedonbehalfby" displayName="Modificado por (Delegado)" parentSchemaName="crm_cursosxinstructors" parentDisplayName="CursosXInstructors" />
      </MissingDependency>
      <MissingDependency>
        <Required type="1" schemaName="crm_cursosxinstructors" displayName="CursosXInstructors" solution="Active" />
        <Dependent type="2" schemaName="overriddencreatedon" displayName="Registro Criado em" parentSchemaName="crm_cursosxinstructors" parentDisplayName="CursosXInstructors" />
      </MissingDependency>
      <MissingDependency>
        <Required type="1" schemaName="crm_cursosxinstructors" displayName="CursosXInstructors" solution="Active" />
        <Dependent type="2" schemaName="ownerid" displayName="Proprietário" parentSchemaName="crm_cursosxinstructors" parentDisplayName="CursosXInstructors" />
      </MissingDependency>
      <MissingDependency>
        <Required type="1" schemaName="crm_cursosxinstructors" displayName="CursosXInstructors" solution="Active" />
        <Dependent type="2" schemaName="owningbusinessunit" displayName="Unidade de Negócios Proprietária" parentSchemaName="crm_cursosxinstructors" parentDisplayName="CursosXInstructors" />
      </MissingDependency>
      <MissingDependency>
        <Required type="1" schemaName="crm_cursosxinstructors" displayName="CursosXInstructors" solution="Active" />
        <Dependent type="2" schemaName="owningteam" displayName="Equipe Proprietária" parentSchemaName="crm_cursosxinstructors" parentDisplayName="CursosXInstructors" />
      </MissingDependency>
      <MissingDependency>
        <Required type="1" schemaName="crm_cursosxinstructors" displayName="CursosXInstructors" solution="Active" />
        <Dependent type="2" schemaName="owninguser" displayName="Usuário Proprietário" parentSchemaName="crm_cursosxinstructors" parentDisplayName="CursosXInstructors" />
      </MissingDependency>
      <MissingDependency>
        <Required type="1" schemaName="crm_cursosxinstructors" displayName="CursosXInstructors" solution="Active" />
        <Dependent type="2" schemaName="statecode" displayName="Status" parentSchemaName="crm_cursosxinstructors" parentDisplayName="CursosXInstructors" />
      </MissingDependency>
      <MissingDependency>
        <Required type="1" schemaName="crm_cursosxinstructors" displayName="CursosXInstructors" solution="Active" />
        <Dependent type="2" schemaName="statuscode" displayName="Razão do Status" parentSchemaName="crm_cursosxinstructors" parentDisplayName="CursosXInstructors" />
      </MissingDependency>
      <MissingDependency>
        <Required type="1" schemaName="crm_cursosxinstructors" displayName="CursosXInstructors" solution="Active" />
        <Dependent type="2" schemaName="timezoneruleversionnumber" displayName="Número de Versão da Regra de Fuso Horário" parentSchemaName="crm_cursosxinstructors" parentDisplayName="CursosXInstructors" />
      </MissingDependency>
      <MissingDependency>
        <Required type="1" schemaName="crm_cursosxinstructors" displayName="CursosXInstructors" solution="Active" />
        <Dependent type="2" schemaName="utcconversiontimezonecode" displayName="Código de Fuso Horário de Conversão de UTC" parentSchemaName="crm_cursosxinstructors" parentDisplayName="CursosXInstructors" />
      </MissingDependency>
      <MissingDependency>
        <Required type="1" schemaName="crm_cursosxinstructors" displayName="CursosXInstructors" solution="Active" />
        <Dependent type="2" schemaName="versionnumber" displayName="Número da Versão" parentSchemaName="crm_cursosxinstructors" parentDisplayName="CursosXInstructors" />
      </MissingDependency>
      <MissingDependency>
        <Required type="1" schemaName="crm_cursosxinstructors" displayName="CursosXInstructors" solution="Active" />
        <Dependent type="26" schemaName="Meu CursosXInstructorses" displayName="Meu CursosXInstructorses" parentSchemaName="crm_cursosxinstructors" parentDisplayName="CursosXInstructors" id="{28a10ffd-8081-ef11-ac21-000d3ac12bc9}" />
      </MissingDependency>
      <MissingDependency>
        <Required type="1" schemaName="crm_cursosxinstructors" displayName="CursosXInstructors" solution="Active" />
        <Dependent type="26" schemaName="Exibição de Consulta de CursosXInstructors" displayName="Exibição de Consulta de CursosXInstructors" parentSchemaName="crm_cursosxinstructors" parentDisplayName="CursosXInstructors" id="{79b6b0aa-4ca0-4006-bc29-7167f39026ba}" />
      </MissingDependency>
      <MissingDependency>
        <Required type="1" schemaName="crm_cursosxinstructors" displayName="CursosXInstructors" solution="Active" />
        <Dependent type="26" schemaName="CursosXInstructorses Ativos(as)" displayName="CursosXInstructorses Ativos(as)" parentSchemaName="crm_cursosxinstructors" parentDisplayName="CursosXInstructors" id="{80e04995-6551-4a9b-8daf-1e2160ecc0f8}" />
      </MissingDependency>
      <MissingDependency>
        <Required type="1" schemaName="crm_cursosxinstructors" displayName="CursosXInstructors" solution="Active" />
        <Dependent type="26" schemaName="CursosXInstructorses Inativos(as)" displayName="CursosXInstructorses Inativos(as)" parentSchemaName="crm_cursosxinstructors" parentDisplayName="CursosXInstructors" id="{89a56904-5dd2-4343-b3e5-0a37e22f9867}" />
      </MissingDependency>
      <MissingDependency>
        <Required type="1" schemaName="crm_cursosxinstructors" displayName="CursosXInstructors" solution="Active" />
        <Dependent type="26" schemaName="Localização Rápida de CursosXInstructorses Ativo(a)" displayName="Localização Rápida de CursosXInstructorses Ativo(a)" parentSchemaName="crm_cursosxinstructors" parentDisplayName="CursosXInstructors" id="{93155a89-8cc2-45ad-84e4-f1a803209373}" />
      </MissingDependency>
      <MissingDependency>
        <Required type="1" schemaName="crm_cursosxinstructors" displayName="CursosXInstructors" solution="Active" />
        <Dependent type="26" schemaName="Exibição Associada de CursosXInstructors" displayName="Exibição Associada de CursosXInstructors" parentSchemaName="crm_cursosxinstructors" parentDisplayName="CursosXInstructors" id="{a9ef5c9c-8420-4415-a29f-4cb1ea66b508}" />
      </MissingDependency>
      <MissingDependency>
        <Required type="1" schemaName="crm_cursosxinstructors" displayName="CursosXInstructors" solution="Active" />
        <Dependent type="26" schemaName="Exibição de Localização Avançada de CursosXInstructors" displayName="Exibição de Localização Avançada de CursosXInstructors" parentSchemaName="crm_cursosxinstructors" parentDisplayName="CursosXInstructors" id="{c4360ccd-d682-48c0-9732-aa6194a4923a}" />
      </MissingDependency>
      <MissingDependency>
        <Required type="1" schemaName="crm_cursosxinstructors" displayName="CursosXInstructors" solution="Active" />
        <Dependent type="300" schemaName="crm_instrutoreshabilitados_ad327" displayName="Instrutores Habilitados" />
      </MissingDependency>
      <MissingDependency>
        <Required type="1" schemaName="crm_cursosxinstructors" displayName="CursosXInstructors" solution="Active" />
        <Dependent type="60" displayName="Informações" parentDisplayName="CursosXInstructors" id="{28c880dc-0e01-4b79-9e3a-9b4277439df7}" />
      </MissingDependency>
      <MissingDependency>
        <Required type="1" schemaName="crm_cursosxinstructors" displayName="CursosXInstructors" solution="Active" />
        <Dependent type="60" displayName="Informações" parentDisplayName="CursosXInstructors" id="{4410ef96-6f61-431a-9c69-5165e73cd419}" />
      </MissingDependency>
      <MissingDependency>
        <Required type="1" schemaName="crm_cursosxinstructors" displayName="CursosXInstructors" solution="Active" />
        <Dependent type="60" displayName="Informações" parentDisplayName="CursosXInstructors" id="{f818e940-f1ab-4a0f-9ce9-880539222daf}" />
      </MissingDependency>
      <MissingDependency>
        <Required type="1" schemaName="crm_cursosxinstructors" displayName="CursosXInstructors" solution="Active" />
        <Dependent type="62" schemaName="crm_GestaoCursos" />
      </MissingDependency>
      <MissingDependency>
        <Required type="1" schemaName="crm_cursosxinstructors" displayName="CursosXInstructors" solution="Active" />
        <Dependent type="68" id="{d6553098-3151-4141-859d-c2279f7e22e5}" />
      </MissingDependency>
      <MissingDependency>
        <Required type="1" schemaName="crm_cursosxinstructors" displayName="CursosXInstructors" solution="Active" />
        <Dependent type="80" schemaName="crm_GestaoCursos" displayName="Gestão Cursos" />
      </MissingDependency>
      <MissingDependency>
        <Required type="1" schemaName="crm_instructor" displayName="Instructor" solution="Active" />
        <Dependent type="1" schemaName="crm_instructor" displayName="Instructor" />
      </MissingDependency>
      <MissingDependency>
        <Required type="1" schemaName="crm_instructor" displayName="Instructor" solution="Active" />
        <Dependent type="2" schemaName="createdby" displayName="Criada Por" parentSchemaName="crm_instructor" parentDisplayName="Instructor" />
      </MissingDependency>
      <MissingDependency>
        <Required type="1" schemaName="crm_instructor" displayName="Instructor" solution="Active" />
        <Dependent type="2" schemaName="createdon" displayName="Data de Criação" parentSchemaName="crm_instructor" parentDisplayName="Instructor" />
      </MissingDependency>
      <MissingDependency>
        <Required type="1" schemaName="crm_instructor" displayName="Instructor" solution="Active" />
        <Dependent type="2" schemaName="createdonbehalfby" displayName="Criado por (Delegado)" parentSchemaName="crm_instructor" parentDisplayName="Instructor" />
      </MissingDependency>
      <MissingDependency>
        <Required type="1" schemaName="crm_instructor" displayName="Instructor" solution="Active" />
        <Dependent type="2" schemaName="crm_email" displayName="Email" parentSchemaName="crm_instructor" parentDisplayName="Instructor" />
      </MissingDependency>
      <MissingDependency>
        <Required type="1" schemaName="crm_instructor" displayName="Instructor" solution="Active" />
        <Dependent type="2" schemaName="crm_instructorid" displayName="Instructor" parentSchemaName="crm_instructor" parentDisplayName="Instructor" />
      </MissingDependency>
      <MissingDependency>
        <Required type="1" schemaName="crm_instructor" displayName="Instructor" solution="Active" />
        <Dependent type="2" schemaName="crm_instructorname" displayName="Instructor Name" parentSchemaName="crm_instructor" parentDisplayName="Instructor" />
      </MissingDependency>
      <MissingDependency>
        <Required type="1" schemaName="crm_instructor" displayName="Instructor" solution="Active" />
        <Dependent type="2" schemaName="crm_level" displayName="Level" parentSchemaName="crm_instructor" parentDisplayName="Instructor" />
      </MissingDependency>
      <MissingDependency>
        <Required type="1" schemaName="crm_instructor" displayName="Instructor" solution="Active" />
        <Dependent type="2" schemaName="crm_phonenumber" displayName="Phone Number" parentSchemaName="crm_instructor" parentDisplayName="Instructor" />
      </MissingDependency>
      <MissingDependency>
        <Required type="1" schemaName="crm_instructor" displayName="Instructor" solution="Active" />
        <Dependent type="2" schemaName="importsequencenumber" displayName="Número de Sequência de Importação" parentSchemaName="crm_instructor" parentDisplayName="Instructor" />
      </MissingDependency>
      <MissingDependency>
        <Required type="1" schemaName="crm_instructor" displayName="Instructor" solution="Active" />
        <Dependent type="2" schemaName="modifiedby" displayName="Modificado Por" parentSchemaName="crm_instructor" parentDisplayName="Instructor" />
      </MissingDependency>
      <MissingDependency>
        <Required type="1" schemaName="crm_instructor" displayName="Instructor" solution="Active" />
        <Dependent type="2" schemaName="modifiedon" displayName="Data de Modificação" parentSchemaName="crm_instructor" parentDisplayName="Instructor" />
      </MissingDependency>
      <MissingDependency>
        <Required type="1" schemaName="crm_instructor" displayName="Instructor" solution="Active" />
        <Dependent type="2" schemaName="modifiedonbehalfby" displayName="Modificado por (Delegado)" parentSchemaName="crm_instructor" parentDisplayName="Instructor" />
      </MissingDependency>
      <MissingDependency>
        <Required type="1" schemaName="crm_instructor" displayName="Instructor" solution="Active" />
        <Dependent type="2" schemaName="overriddencreatedon" displayName="Registro Criado em" parentSchemaName="crm_instructor" parentDisplayName="Instructor" />
      </MissingDependency>
      <MissingDependency>
        <Required type="1" schemaName="crm_instructor" displayName="Instructor" solution="Active" />
        <Dependent type="2" schemaName="ownerid" displayName="Proprietário" parentSchemaName="crm_instructor" parentDisplayName="Instructor" />
      </MissingDependency>
      <MissingDependency>
        <Required type="1" schemaName="crm_instructor" displayName="Instructor" solution="Active" />
        <Dependent type="2" schemaName="owningbusinessunit" displayName="Unidade de Negócios Proprietária" parentSchemaName="crm_instructor" parentDisplayName="Instructor" />
      </MissingDependency>
      <MissingDependency>
        <Required type="1" schemaName="crm_instructor" displayName="Instructor" solution="Active" />
        <Dependent type="2" schemaName="owningteam" displayName="Equipe Proprietária" parentSchemaName="crm_instructor" parentDisplayName="Instructor" />
      </MissingDependency>
      <MissingDependency>
        <Required type="1" schemaName="crm_instructor" displayName="Instructor" solution="Active" />
        <Dependent type="2" schemaName="owninguser" displayName="Usuário Proprietário" parentSchemaName="crm_instructor" parentDisplayName="Instructor" />
      </MissingDependency>
      <MissingDependency>
        <Required type="1" schemaName="crm_instructor" displayName="Instructor" solution="Active" />
        <Dependent type="2" schemaName="statecode" displayName="Status" parentSchemaName="crm_instructor" parentDisplayName="Instructor" />
      </MissingDependency>
      <MissingDependency>
        <Required type="1" schemaName="crm_instructor" displayName="Instructor" solution="Active" />
        <Dependent type="2" schemaName="statuscode" displayName="Razão do Status" parentSchemaName="crm_instructor" parentDisplayName="Instructor" />
      </MissingDependency>
      <MissingDependency>
        <Required type="1" schemaName="crm_instructor" displayName="Instructor" solution="Active" />
        <Dependent type="2" schemaName="timezoneruleversionnumber" displayName="Número de Versão da Regra de Fuso Horário" parentSchemaName="crm_instructor" parentDisplayName="Instructor" />
      </MissingDependency>
      <MissingDependency>
        <Required type="1" schemaName="crm_instructor" displayName="Instructor" solution="Active" />
        <Dependent type="2" schemaName="utcconversiontimezonecode" displayName="Código de Fuso Horário de Conversão de UTC" parentSchemaName="crm_instructor" parentDisplayName="Instructor" />
      </MissingDependency>
      <MissingDependency>
        <Required type="1" schemaName="crm_instructor" displayName="Instructor" solution="Active" />
        <Dependent type="2" schemaName="versionnumber" displayName="Número da Versão" parentSchemaName="crm_instructor" parentDisplayName="Instructor" />
      </MissingDependency>
      <MissingDependency>
        <Required type="1" schemaName="crm_instructor" displayName="Instructor" solution="Active" />
        <Dependent type="26" schemaName="Localização Rápida de Instructors Ativo(a)" displayName="Localização Rápida de Instructors Ativo(a)" parentSchemaName="crm_instructor" parentDisplayName="Instructor" id="{398fa508-567d-4e73-8ecb-6dd27bfb2ca4}" />
      </MissingDependency>
      <MissingDependency>
        <Required type="1" schemaName="crm_instructor" displayName="Instructor" solution="Active" />
        <Dependent type="26" schemaName="Exibição de Localização Avançada de Instructor" displayName="Exibição de Localização Avançada de Instructor" parentSchemaName="crm_instructor" parentDisplayName="Instructor" id="{3c68983c-a2bf-44d3-ae0e-a0de0135a00d}" />
      </MissingDependency>
      <MissingDependency>
        <Required type="1" schemaName="crm_instructor" displayName="Instructor" solution="Active" />
        <Dependent type="26" schemaName="Instructors Inativos(as)" displayName="Instructors Inativos(as)" parentSchemaName="crm_instructor" parentDisplayName="Instructor" id="{42b85fb6-d9dc-4449-a726-a028c3051032}" />
      </MissingDependency>
      <MissingDependency>
        <Required type="1" schemaName="crm_instructor" displayName="Instructor" solution="Active" />
        <Dependent type="26" schemaName="Meu Instructors" displayName="Meu Instructors" parentSchemaName="crm_instructor" parentDisplayName="Instructor" id="{4ce3ba43-2e81-ef11-ac21-000d3ac12bc9}" />
      </MissingDependency>
      <MissingDependency>
        <Required type="1" schemaName="crm_instructor" displayName="Instructor" solution="Active" />
        <Dependent type="26" schemaName="Instructors Ativos(as)" displayName="Instructors Ativos(as)" parentSchemaName="crm_instructor" parentDisplayName="Instructor" id="{90bd9495-7b44-4fdd-9311-cd88886ea3d9}" />
      </MissingDependency>
      <MissingDependency>
        <Required type="1" schemaName="crm_instructor" displayName="Instructor" solution="Active" />
        <Dependent type="26" schemaName="Exibição Associada de Instructor" displayName="Exibição Associada de Instructor" parentSchemaName="crm_instructor" parentDisplayName="Instructor" id="{d4e1020b-7c0c-4aa9-bf60-aaadf4e9f76c}" />
      </MissingDependency>
      <MissingDependency>
        <Required type="1" schemaName="crm_instructor" displayName="Instructor" solution="Active" />
        <Dependent type="26" schemaName="Exibição de Consulta de Instructor" displayName="Exibição de Consulta de Instructor" parentSchemaName="crm_instructor" parentDisplayName="Instructor" id="{f5b3e9cd-e6fb-45f3-976b-5ddea03a514a}" />
      </MissingDependency>
      <MissingDependency>
        <Required type="1" schemaName="crm_instructor" displayName="Instructor" solution="Active" />
        <Dependent type="300" schemaName="crm_instrutoreshabilitados_ad327" displayName="Instrutores Habilitados" />
      </MissingDependency>
      <MissingDependency>
        <Required type="1" schemaName="crm_instructor" displayName="Instructor" solution="Active" />
        <Dependent type="60" displayName="Informações" parentDisplayName="Instructor" id="{5b1f78b0-e3fb-494b-89b7-f0d7b0e17b4b}" />
      </MissingDependency>
      <MissingDependency>
        <Required type="1" schemaName="crm_instructor" displayName="Instructor" solution="Active" />
        <Dependent type="60" displayName="Informações" parentDisplayName="Instructor" id="{c632d0d9-6009-48d2-8124-e7fd40e8b390}" />
      </MissingDependency>
      <MissingDependency>
        <Required type="1" schemaName="crm_instructor" displayName="Instructor" solution="Active" />
        <Dependent type="60" displayName="Informações" parentDisplayName="Instructor" id="{ef9614ea-0893-4939-8224-969f35265eb1}" />
      </MissingDependency>
      <MissingDependency>
        <Required type="1" schemaName="crm_instructor" displayName="Instructor" solution="Active" />
        <Dependent type="62" schemaName="crm_GestaoCursos" />
      </MissingDependency>
      <MissingDependency>
        <Required type="1" schemaName="crm_instructor" displayName="Instructor" solution="Active" />
        <Dependent type="68" id="{c5dccd16-614b-4a6d-942a-e169f991a390}" />
      </MissingDependency>
      <MissingDependency>
        <Required type="1" schemaName="crm_instructor" displayName="Instructor" solution="Active" />
        <Dependent type="80" schemaName="crm_GestaoCursos" displayName="Gestão Cursos" />
      </MissingDependency>
      <MissingDependency>
        <Required type="61" schemaName="msdyn_/Images/AppModule_Default_Icon.png" displayName="msdyn_/Images/AppModule_Default_Icon.png" solution="AppModuleWebResources (2.5)" />
        <Dependent type="80" schemaName="crm_GestaoCursos" displayName="Gestão Cursos" />
      </MissingDependency>
      <MissingDependency>
        <Required type="66" schemaName="MscrmControls.Canvas.CanvasControl" displayName="MscrmControls.Canvas.CanvasControl" solution="BaseCustomControlsCore (9.0.2409.4013)" />
        <Dependent type="60" displayName="Informações" parentDisplayName="Course" id="{5d48a994-1a80-4554-8348-5f91486cc091}" />
      </MissingDependency>
      <MissingDependency>
        <Required type="SettingDefinition" displayName="AppChannel" solution="msdyn_AppFrameworkInfraExtensions (1.0.0.12)" id.uniquename="AppChannel" />
        <Dependent type="AppSetting" displayName="parentappmoduleid.uniquename=crm_GestaoCursos,settingdefinitionid.uniquename=AppChannel" id.parentappmoduleid.uniquename="crm_GestaoCursos" id.settingdefinitionid.uniquename="AppChannel" />
      </MissingDependency>
    </MissingDependencies>
  </SolutionManifest>
</ImportExportXml>